-- Temporary models values while no user interface for them is provided.

INSERT INTO models (model_name, equipment_type)
VALUES ('GeneratorSynchronousThreeWindings', 0),
       ('GeneratorSynchronousFourWindings', 0),
       ('GeneratorSynchronousThreeWindingsProportionalRegulations', 0),
       ('GeneratorSynchronousFourWindingsProportionalRegulations', 0),
       ('GeneratorPQ', 0),
       ('GeneratorPV', 0),
       ('LoadAlphaBeta', 1),
       ('LoadPQ', 1),
       ('CurrentLimitAutomaton', 2);

INSERT INTO model_sets_group (model_name, name, type)
VALUES ('GeneratorSynchronousThreeWindings', 'GSTW', 0),
       ('GeneratorSynchronousFourWindings', 'GSFW', 0),
       ('GeneratorSynchronousThreeWindingsProportionalRegulations', 'GSTWPR', 0),
       ('GeneratorSynchronousFourWindingsProportionalRegulations', 'GSFWPR', 0),
       ('GeneratorPQ', 'GPQ', 0),
       ('GeneratorPV', 'GPV', 0),
       ('LoadAlphaBeta', 'LAB', 0),
       ('LoadPQ', 'LPQ', 0),
       ('CurrentLimitAutomaton', 'CLA', 0);

INSERT INTO model_parameter_sets (group_name, group_type, model_name, name)
VALUES ('GSTW', 0, 'GeneratorSynchronousThreeWindings', 'GSTW'),
       ('GSFW', 0, 'GeneratorSynchronousFourWindings', 'GSFW'),
       ('GSTWPR', 0, 'GeneratorSynchronousThreeWindingsProportionalRegulations', 'GSTWPR'),
       ('GSFWPR', 0, 'GeneratorSynchronousFourWindingsProportionalRegulations', 'GSFWPR'),
       ('GPQ', 0, 'GeneratorPQ', 'GPQ'),
       ('GPV', 0, 'GeneratorPV', 'GPV'),
       ('LAB', 0, 'LoadAlphaBeta', 'LAB'),
       ('LPQ', 0, 'LoadPQ', 'LPQ'),
       ('CLA', 0, 'CurrentLimitAutomaton', 'CLA');

INSERT INTO model_parameter_definitions (model_name, name, origin, origin_name, type, fixed_value)
VALUES ('GeneratorSynchronousThreeWindings', 'generator_UNom', 2, NULL, 2, NULL),
       ('GeneratorSynchronousThreeWindings', 'generator_SNom', 2, NULL, 2, NULL),
       ('GeneratorSynchronousThreeWindings', 'generator_PNomTurb', 2, NULL, 2, NULL),
       ('GeneratorSynchronousThreeWindings', 'generator_PNomAlt', 2, NULL, 2, NULL),
       ('GeneratorSynchronousThreeWindings', 'generator_ExcitationPu', 1, NULL, 0, 1),
       ('GeneratorSynchronousThreeWindings', 'generator_MdPuEfd', 2, NULL, 2, NULL),
       ('GeneratorSynchronousThreeWindings', 'generator_H', 2, NULL, 2, NULL),
       ('GeneratorSynchronousThreeWindings', 'generator_DPu', 2, NULL, 2, NULL),
       ('GeneratorSynchronousThreeWindings', 'generator_SnTfo', 2, NULL, 2, NULL),
       ('GeneratorSynchronousThreeWindings', 'generator_UNomHV', 2, NULL, 2, NULL),
       ('GeneratorSynchronousThreeWindings', 'generator_UNomLV', 2, NULL, 2, NULL),
       ('GeneratorSynchronousThreeWindings', 'generator_UBaseHV', 2, NULL, 2, NULL),
       ('GeneratorSynchronousThreeWindings', 'generator_UBaseLV', 2, NULL, 2, NULL),
       ('GeneratorSynchronousThreeWindings', 'generator_RTfPu', 2, NULL, 2, NULL),
       ('GeneratorSynchronousThreeWindings', 'generator_XTfPu', 2, NULL, 2, NULL),
       ('GeneratorSynchronousThreeWindings', 'generator_RaPu', 2, NULL, 2, NULL),
       ('GeneratorSynchronousThreeWindings', 'generator_XlPu', 2, NULL, 2, NULL),
       ('GeneratorSynchronousThreeWindings', 'generator_XdPu', 2, NULL, 2, NULL),
       ('GeneratorSynchronousThreeWindings', 'generator_XpdPu', 2, NULL, 2, NULL),
       ('GeneratorSynchronousThreeWindings', 'generator_XppdPu', 2, NULL, 2, NULL),
       ('GeneratorSynchronousThreeWindings', 'generator_Tpd0', 2, NULL, 2, NULL),
       ('GeneratorSynchronousThreeWindings', 'generator_Tppd0', 2, NULL, 2, NULL),
       ('GeneratorSynchronousThreeWindings', 'generator_XqPu', 2, NULL, 2, NULL),
       ('GeneratorSynchronousThreeWindings', 'generator_XppqPu', 2, NULL, 2, NULL),
       ('GeneratorSynchronousThreeWindings', 'generator_Tppq0', 2, NULL, 2, NULL),
       ('GeneratorSynchronousThreeWindings', 'generator_md', 2, NULL, 2, NULL),
       ('GeneratorSynchronousThreeWindings', 'generator_mq', 2, NULL, 2, NULL),
       ('GeneratorSynchronousThreeWindings', 'generator_nd', 2, NULL, 2, NULL),
       ('GeneratorSynchronousThreeWindings', 'generator_nq', 2, NULL, 2, NULL),
       ('GeneratorSynchronousThreeWindings', 'URef_ValueIn', 1, NULL, 2, 0),
       ('GeneratorSynchronousThreeWindings', 'Pm_ValueIn', 1, NULL, 2, 0),
       ('GeneratorSynchronousThreeWindings', 'generator_P0Pu', 0, 'p_pu', 2, NULL),
       ('GeneratorSynchronousThreeWindings', 'generator_Q0Pu', 0, 'q_pu', 2, NULL),
       ('GeneratorSynchronousThreeWindings', 'generator_UPhase0', 0, 'angle_pu', 2, NULL),
       ('GeneratorSynchronousThreeWindings', 'generator_U0Pu', 0, 'v_pu', 2, NULL);

INSERT INTO model_parameter_definitions (model_name, name, origin, origin_name, type, fixed_value)
VALUES ('GeneratorSynchronousFourWindings', 'generator_UNom', 2, NULL, 2, NULL),
       ('GeneratorSynchronousFourWindings', 'generator_SNom', 2, NULL, 2, NULL),
       ('GeneratorSynchronousFourWindings', 'generator_PNomTurb', 2, NULL, 2, NULL),
       ('GeneratorSynchronousFourWindings', 'generator_PNomAlt', 2, NULL, 2, NULL),
       ('GeneratorSynchronousFourWindings', 'generator_ExcitationPu', 1, NULL, 0, 1),
       ('GeneratorSynchronousFourWindings', 'generator_MdPuEfd', 2, NULL, 2, NULL),
       ('GeneratorSynchronousFourWindings', 'generator_H', 2, NULL, 2, NULL),
       ('GeneratorSynchronousFourWindings', 'generator_DPu', 2, NULL, 2, NULL),
       ('GeneratorSynchronousFourWindings', 'generator_SnTfo', 2, NULL, 2, NULL),
       ('GeneratorSynchronousFourWindings', 'generator_UNomHV', 2, NULL, 2, NULL),
       ('GeneratorSynchronousFourWindings', 'generator_UNomLV', 2, NULL, 2, NULL),
       ('GeneratorSynchronousFourWindings', 'generator_UBaseHV', 2, NULL, 2, NULL),
       ('GeneratorSynchronousFourWindings', 'generator_UBaseLV', 2, NULL, 2, NULL),
       ('GeneratorSynchronousFourWindings', 'generator_RTfPu', 2, NULL, 2, NULL),
       ('GeneratorSynchronousFourWindings', 'generator_XTfPu', 2, NULL, 2, NULL),
       ('GeneratorSynchronousFourWindings', 'generator_RaPu', 2, NULL, 2, NULL),
       ('GeneratorSynchronousFourWindings', 'generator_XlPu', 2, NULL, 2, NULL),
       ('GeneratorSynchronousFourWindings', 'generator_XdPu', 2, NULL, 2, NULL),
       ('GeneratorSynchronousFourWindings', 'generator_XpdPu', 2, NULL, 2, NULL),
       ('GeneratorSynchronousFourWindings', 'generator_XppdPu', 2, NULL, 2, NULL),
       ('GeneratorSynchronousFourWindings', 'generator_Tpd0', 2, NULL, 2, NULL),
       ('GeneratorSynchronousFourWindings', 'generator_Tppd0', 2, NULL, 2, NULL),
       ('GeneratorSynchronousFourWindings', 'generator_XqPu', 2, NULL, 2, NULL),
       ('GeneratorSynchronousFourWindings', 'generator_XppqPu', 2, NULL, 2, NULL),
       ('GeneratorSynchronousFourWindings', 'generator_Tppq0', 2, NULL, 2, NULL),
       ('GeneratorSynchronousFourWindings', 'generator_md', 2, NULL, 2, NULL),
       ('GeneratorSynchronousFourWindings', 'generator_mq', 2, NULL, 2, NULL),
       ('GeneratorSynchronousFourWindings', 'generator_nd', 2, NULL, 2, NULL),
       ('GeneratorSynchronousFourWindings', 'generator_nq', 2, NULL, 2, NULL),
       ('GeneratorSynchronousFourWindings', 'generator_XpqPu', 2, NULL, 2, NULL),
       ('GeneratorSynchronousFourWindings', 'generator_Tpq0', 2, NULL, 2, NULL),
       ('GeneratorSynchronousFourWindings', 'URef_ValueIn', 1, NULL, 2, 0),
       ('GeneratorSynchronousFourWindings', 'Pm_ValueIn', 1, NULL, 2, 0),
       ('GeneratorSynchronousFourWindings', 'generator_P0Pu', 0, 'p_pu', 2, NULL),
       ('GeneratorSynchronousFourWindings', 'generator_Q0Pu', 0, 'q_pu', 2, NULL),
       ('GeneratorSynchronousFourWindings', 'generator_UPhase0', 0, 'angle_pu', 2, NULL),
       ('GeneratorSynchronousFourWindings', 'generator_U0Pu', 0, 'v_pu', 2, NULL);

INSERT INTO model_parameter_definitions (model_name, name, origin, origin_name, type, fixed_value)
VALUES ('GeneratorSynchronousThreeWindingsProportionalRegulations', 'generator_UNom', 2, NULL, 2, NULL),
       ('GeneratorSynchronousThreeWindingsProportionalRegulations', 'generator_SNom', 2, NULL, 2, NULL),
       ('GeneratorSynchronousThreeWindingsProportionalRegulations', 'generator_PNomTurb', 2, NULL, 2, NULL),
       ('GeneratorSynchronousThreeWindingsProportionalRegulations', 'generator_PNomAlt', 2, NULL, 2, NULL),
       ('GeneratorSynchronousThreeWindingsProportionalRegulations', 'generator_ExcitationPu', 1, NULL, 0, 1),
       ('GeneratorSynchronousThreeWindingsProportionalRegulations', 'generator_MdPuEfd', 2, NULL, 2, NULL),
       ('GeneratorSynchronousThreeWindingsProportionalRegulations', 'generator_H', 2, NULL, 2, NULL),
       ('GeneratorSynchronousThreeWindingsProportionalRegulations', 'generator_DPu', 2, NULL, 2, NULL),
       ('GeneratorSynchronousThreeWindingsProportionalRegulations', 'generator_SnTfo', 2, NULL, 2, NULL),
       ('GeneratorSynchronousThreeWindingsProportionalRegulations', 'generator_UNomHV', 2, NULL, 2, NULL),
       ('GeneratorSynchronousThreeWindingsProportionalRegulations', 'generator_UNomLV', 2, NULL, 2, NULL),
       ('GeneratorSynchronousThreeWindingsProportionalRegulations', 'generator_UBaseHV', 2, NULL, 2, NULL),
       ('GeneratorSynchronousThreeWindingsProportionalRegulations', 'generator_UBaseLV', 2, NULL, 2, NULL),
       ('GeneratorSynchronousThreeWindingsProportionalRegulations', 'generator_RTfPu', 2, NULL, 2, NULL),
       ('GeneratorSynchronousThreeWindingsProportionalRegulations', 'generator_XTfPu', 2, NULL, 2, NULL),
       ('GeneratorSynchronousThreeWindingsProportionalRegulations', 'generator_RaPu', 2, NULL, 2, NULL),
       ('GeneratorSynchronousThreeWindingsProportionalRegulations', 'generator_XlPu', 2, NULL, 2, NULL),
       ('GeneratorSynchronousThreeWindingsProportionalRegulations', 'generator_XdPu', 2, NULL, 2, NULL),
       ('GeneratorSynchronousThreeWindingsProportionalRegulations', 'generator_XpdPu', 2, NULL, 2, NULL),
       ('GeneratorSynchronousThreeWindingsProportionalRegulations', 'generator_XppdPu', 2, NULL, 2, NULL),
       ('GeneratorSynchronousThreeWindingsProportionalRegulations', 'generator_Tpd0', 2, NULL, 2, NULL),
       ('GeneratorSynchronousThreeWindingsProportionalRegulations', 'generator_Tppd0', 2, NULL, 2, NULL),
       ('GeneratorSynchronousThreeWindingsProportionalRegulations', 'generator_XqPu', 2, NULL, 2, NULL),
       ('GeneratorSynchronousThreeWindingsProportionalRegulations', 'generator_XppqPu', 2, NULL, 2, NULL),
       ('GeneratorSynchronousThreeWindingsProportionalRegulations', 'generator_Tppq0', 2, NULL, 2, NULL),
       ('GeneratorSynchronousThreeWindingsProportionalRegulations', 'generator_md', 2, NULL, 2, NULL),
       ('GeneratorSynchronousThreeWindingsProportionalRegulations', 'generator_mq', 2, NULL, 2, NULL),
       ('GeneratorSynchronousThreeWindingsProportionalRegulations', 'generator_nd', 2, NULL, 2, NULL),
       ('GeneratorSynchronousThreeWindingsProportionalRegulations', 'generator_nq', 2, NULL, 2, NULL),
       ('GeneratorSynchronousThreeWindingsProportionalRegulations', 'governor_KGover', 2, NULL, 2, NULL),
       ('GeneratorSynchronousThreeWindingsProportionalRegulations', 'governor_PMin', 2, NULL, 2, NULL),
       ('GeneratorSynchronousThreeWindingsProportionalRegulations', 'governor_PMax', 2, NULL, 2, NULL),
       ('GeneratorSynchronousThreeWindingsProportionalRegulations', 'governor_PNom', 2, NULL, 2, NULL),
       ('GeneratorSynchronousThreeWindingsProportionalRegulations', 'voltageRegulator_LagEfdMin', 2, NULL, 2, NULL),
       ('GeneratorSynchronousThreeWindingsProportionalRegulations', 'voltageRegulator_LagEfdMax', 2, NULL, 2, NULL),
       ('GeneratorSynchronousThreeWindingsProportionalRegulations', 'voltageRegulator_EfdMinPu', 2, NULL, 2, NULL),
       ('GeneratorSynchronousThreeWindingsProportionalRegulations', 'voltageRegulator_EfdMaxPu', 2, NULL, 2, NULL),
       ('GeneratorSynchronousThreeWindingsProportionalRegulations', 'voltageRegulator_UsRefMinPu', 2, NULL, 2, NULL),
       ('GeneratorSynchronousThreeWindingsProportionalRegulations', 'voltageRegulator_UsRefMaxPu', 2, NULL, 2, NULL),
       ('GeneratorSynchronousThreeWindingsProportionalRegulations', 'voltageRegulator_Gain', 2, NULL, 2, NULL),
       ('GeneratorSynchronousThreeWindingsProportionalRegulations', 'URef_ValueIn', 1, NULL, 2, 0),
       ('GeneratorSynchronousThreeWindingsProportionalRegulations', 'Pm_ValueIn', 1, NULL, 2, 0),
       ('GeneratorSynchronousThreeWindingsProportionalRegulations', 'generator_P0Pu', 0, 'p_pu', 2, NULL),
       ('GeneratorSynchronousThreeWindingsProportionalRegulations', 'generator_Q0Pu', 0, 'q_pu', 2, NULL),
       ('GeneratorSynchronousThreeWindingsProportionalRegulations', 'generator_UPhase0', 0, 'angle_pu', 2, NULL),
       ('GeneratorSynchronousThreeWindingsProportionalRegulations', 'generator_U0Pu', 0, 'v_pu', 2, NULL);

INSERT INTO model_parameter_definitions (model_name, name, origin, origin_name, type, fixed_value)
VALUES ('GeneratorSynchronousFourWindingsProportionalRegulations', 'generator_UNom', 2, NULL, 2, NULL),
       ('GeneratorSynchronousFourWindingsProportionalRegulations', 'generator_SNom', 2, NULL, 2, NULL),
       ('GeneratorSynchronousFourWindingsProportionalRegulations', 'generator_PNomTurb', 2, NULL, 2, NULL),
       ('GeneratorSynchronousFourWindingsProportionalRegulations', 'generator_PNomAlt', 2, NULL, 2, NULL),
       ('GeneratorSynchronousFourWindingsProportionalRegulations', 'generator_ExcitationPu', 1, NULL, 0, 1),
       ('GeneratorSynchronousFourWindingsProportionalRegulations', 'generator_MdPuEfd', 2, NULL, 2, NULL),
       ('GeneratorSynchronousFourWindingsProportionalRegulations', 'generator_H', 2, NULL, 2, NULL),
       ('GeneratorSynchronousFourWindingsProportionalRegulations', 'generator_DPu', 2, NULL, 2, NULL),
       ('GeneratorSynchronousFourWindingsProportionalRegulations', 'generator_SnTfo', 2, NULL, 2, NULL),
       ('GeneratorSynchronousFourWindingsProportionalRegulations', 'generator_UNomHV', 2, NULL, 2, NULL),
       ('GeneratorSynchronousFourWindingsProportionalRegulations', 'generator_UNomLV', 2, NULL, 2, NULL),
       ('GeneratorSynchronousFourWindingsProportionalRegulations', 'generator_UBaseHV', 2, NULL, 2, NULL),
       ('GeneratorSynchronousFourWindingsProportionalRegulations', 'generator_UBaseLV', 2, NULL, 2, NULL),
       ('GeneratorSynchronousFourWindingsProportionalRegulations', 'generator_RTfPu', 2, NULL, 2, NULL),
       ('GeneratorSynchronousFourWindingsProportionalRegulations', 'generator_XTfPu', 2, NULL, 2, NULL),
       ('GeneratorSynchronousFourWindingsProportionalRegulations', 'generator_RaPu', 2, NULL, 2, NULL),
       ('GeneratorSynchronousFourWindingsProportionalRegulations', 'generator_XlPu', 2, NULL, 2, NULL),
       ('GeneratorSynchronousFourWindingsProportionalRegulations', 'generator_XdPu', 2, NULL, 2, NULL),
       ('GeneratorSynchronousFourWindingsProportionalRegulations', 'generator_XpdPu', 2, NULL, 2, NULL),
       ('GeneratorSynchronousFourWindingsProportionalRegulations', 'generator_XppdPu', 2, NULL, 2, NULL),
       ('GeneratorSynchronousFourWindingsProportionalRegulations', 'generator_Tpd0', 2, NULL, 2, NULL),
       ('GeneratorSynchronousFourWindingsProportionalRegulations', 'generator_Tppd0', 2, NULL, 2, NULL),
       ('GeneratorSynchronousFourWindingsProportionalRegulations', 'generator_XqPu', 2, NULL, 2, NULL),
       ('GeneratorSynchronousFourWindingsProportionalRegulations', 'generator_XppqPu', 2, NULL, 2, NULL),
       ('GeneratorSynchronousFourWindingsProportionalRegulations', 'generator_Tppq0', 2, NULL, 2, NULL),
       ('GeneratorSynchronousFourWindingsProportionalRegulations', 'generator_md', 2, NULL, 2, NULL),
       ('GeneratorSynchronousFourWindingsProportionalRegulations', 'generator_mq', 2, NULL, 2, NULL),
       ('GeneratorSynchronousFourWindingsProportionalRegulations', 'generator_nd', 2, NULL, 2, NULL),
       ('GeneratorSynchronousFourWindingsProportionalRegulations', 'generator_nq', 2, NULL, 2, NULL),
       ('GeneratorSynchronousFourWindingsProportionalRegulations', 'generator_XpqPu', 2, NULL, 2, NULL),
       ('GeneratorSynchronousFourWindingsProportionalRegulations', 'generator_Tpq0', 2, NULL, 2, NULL),
       ('GeneratorSynchronousFourWindingsProportionalRegulations', 'governor_KGover', 2, NULL, 2, NULL),
       ('GeneratorSynchronousFourWindingsProportionalRegulations', 'governor_PMin', 2, NULL, 2, NULL),
       ('GeneratorSynchronousFourWindingsProportionalRegulations', 'governor_PMax', 2, NULL, 2, NULL),
       ('GeneratorSynchronousFourWindingsProportionalRegulations', 'governor_PNom', 2, NULL, 2, NULL),
       ('GeneratorSynchronousFourWindingsProportionalRegulations', 'voltageRegulator_LagEfdMin', 2, NULL, 2, NULL),
       ('GeneratorSynchronousFourWindingsProportionalRegulations', 'voltageRegulator_LagEfdMax', 2, NULL, 2, NULL),
       ('GeneratorSynchronousFourWindingsProportionalRegulations', 'voltageRegulator_EfdMinPu', 2, NULL, 2, NULL),
       ('GeneratorSynchronousFourWindingsProportionalRegulations', 'voltageRegulator_EfdMaxPu', 2, NULL, 2, NULL),
       ('GeneratorSynchronousFourWindingsProportionalRegulations', 'voltageRegulator_UsRefMinPu', 2, NULL, 2, NULL),
       ('GeneratorSynchronousFourWindingsProportionalRegulations', 'voltageRegulator_UsRefMaxPu', 2, NULL, 2, NULL),
       ('GeneratorSynchronousFourWindingsProportionalRegulations', 'voltageRegulator_Gain', 2, NULL, 2, NULL),
       ('GeneratorSynchronousFourWindingsProportionalRegulations', 'URef_ValueIn', 1, NULL, 2, 0),
       ('GeneratorSynchronousFourWindingsProportionalRegulations', 'Pm_ValueIn', 1, NULL, 2, 0),
       ('GeneratorSynchronousFourWindingsProportionalRegulations', 'generator_P0Pu', 0, 'p_pu', 2, NULL),
       ('GeneratorSynchronousFourWindingsProportionalRegulations', 'generator_Q0Pu', 0, 'q_pu', 2, NULL),
       ('GeneratorSynchronousFourWindingsProportionalRegulations', 'generator_UPhase0', 0, 'angle_pu', 2, NULL),
       ('GeneratorSynchronousFourWindingsProportionalRegulations', 'generator_U0Pu', 0, 'v_pu', 2, NULL);

INSERT INTO model_parameter_definitions (model_name, name, origin, origin_name, type)
VALUES ('GeneratorPQ', 'generator_AlphaPuPNom', 2, NULL, 2),
       ('GeneratorPQ', 'generator_PNom', 0, 'pMax', 2),
       ('GeneratorPQ', 'generator_PMin', 0, 'pMin', 2),
       ('GeneratorPQ', 'generator_PMax', 0, 'pMax', 2),
       ('GeneratorPQ', 'generator_P0Pu', 0, 'p_pu', 2),
       ('GeneratorPQ', 'generator_Q0Pu', 0, 'q_pu', 2),
       ('GeneratorPQ', 'generator_U0Pu', 0, 'v_pu', 2),
       ('GeneratorPQ', 'generator_UPhase0', 0, 'angle_pu', 2);

INSERT INTO model_parameter_definitions (model_name, name, origin, origin_name, type)
VALUES ('GeneratorPV', 'generator_AlphaPuPNom', 2, NULL, 2),
       ('GeneratorPV', 'generator_LambdaPuSNom', 2, NULL, 2),
       ('GeneratorPV', 'generator_QMax', 2, NULL, 2),
       ('GeneratorPV', 'generator_QMin', 2, NULL, 2),
       ('GeneratorPV', 'generator_PNom', 0, 'pMax', 2),
       ('GeneratorPV', 'generator_SNom', 0, 'pMax', 2),
       ('GeneratorPV', 'generator_PMin', 0, 'pMin', 2),
       ('GeneratorPV', 'generator_PMax', 0, 'pMax', 2),
       ('GeneratorPV', 'generator_P0Pu', 0, 'p_pu', 2),
       ('GeneratorPV', 'generator_Q0Pu', 0, 'q_pu', 2),
       ('GeneratorPV', 'generator_U0Pu', 0, 'v_pu', 2),
       ('GeneratorPV', 'generator_UPhase0', 0, 'angle_pu', 2);

INSERT INTO model_parameter_definitions (model_name, name, origin, origin_name, type)
VALUES ('LoadAlphaBeta', 'load_alpha', 2, NULL, 2),
       ('LoadAlphaBeta', 'load_beta', 2, NULL, 2),
       ('LoadAlphaBeta', 'load_P0Pu', 0, 'p_pu', 2),
       ('LoadAlphaBeta', 'load_Q0Pu', 0, 'q_pu', 2),
       ('LoadAlphaBeta', 'load_U0Pu', 0, 'v_pu', 2),
       ('LoadAlphaBeta', 'load_UPhase0', 0, 'angle_pu', 2);

INSERT INTO model_parameter_definitions (model_name, name, origin, origin_name, type)
VALUES ('LoadPQ', 'load_P0Pu', 0, 'p_pu', 2),
       ('LoadPQ', 'load_Q0Pu', 0, 'q_pu', 2),
       ('LoadPQ', 'load_U0Pu', 0, 'v_pu', 2),
       ('LoadPQ', 'load_UPhase0', 0, 'angle_pu', 2);

INSERT INTO model_parameter_definitions (model_name, name, origin, origin_name, type)
VALUES ('CurrentLimitAutomaton', 'currentLimitAutomaton_OrderToEmit', 0, NULL, 2),
       ('CurrentLimitAutomaton', 'currentLimitAutomaton_Running', 2, NULL, 1),
       ('CurrentLimitAutomaton', 'currentLimitAutomaton_IMax', 2, NULL, 2),
       ('CurrentLimitAutomaton', 'currentLimitAutomaton_tLagBeforeActing', 2, NULL, 2);

INSERT INTO model_parameters (group_name, group_type, model_name, name, set_name, value_)
VALUES ('GSTW', 0, 'GeneratorSynchronousThreeWindings', 'generator_ExcitationPu', 'GSTW', 1.),
       ('GSTW', 0, 'GeneratorSynchronousThreeWindings', 'generator_md', 'GSTW', 0.16),
       ('GSTW', 0, 'GeneratorSynchronousThreeWindings', 'generator_mq', 'GSTW', 0.16),
       ('GSTW', 0, 'GeneratorSynchronousThreeWindings', 'generator_nd', 'GSTW', 5.7),
       ('GSTW', 0, 'GeneratorSynchronousThreeWindings', 'generator_nq', 'GSTW', 5.7),
       ('GSTW', 0, 'GeneratorSynchronousThreeWindings', 'generator_MdPuEfd', 'GSTW', 0.),
       ('GSTW', 0, 'GeneratorSynchronousThreeWindings', 'generator_DPu', 'GSTW', 0.),
       ('GSTW', 0, 'GeneratorSynchronousThreeWindings', 'generator_H', 'GSTW', 4.975),
       ('GSTW', 0, 'GeneratorSynchronousThreeWindings', 'generator_RaPu', 'GSTW', 0.004),
       ('GSTW', 0, 'GeneratorSynchronousThreeWindings', 'generator_XlPu', 'GSTW', 0.102),
       ('GSTW', 0, 'GeneratorSynchronousThreeWindings', 'generator_XdPu', 'GSTW', 0.75),
       ('GSTW', 0, 'GeneratorSynchronousThreeWindings', 'generator_XpdPu', 'GSTW', 0.225),
       ('GSTW', 0, 'GeneratorSynchronousThreeWindings', 'generator_XppdPu', 'GSTW', 0.154),
       ('GSTW', 0, 'GeneratorSynchronousThreeWindings', 'generator_Tpd0', 'GSTW', 3.),
       ('GSTW', 0, 'GeneratorSynchronousThreeWindings', 'generator_Tppd0', 'GSTW', 0.04),
       ('GSTW', 0, 'GeneratorSynchronousThreeWindings', 'generator_XqPu', 'GSTW', 0.45),
       ('GSTW', 0, 'GeneratorSynchronousThreeWindings', 'generator_XppqPu', 'GSTW', 0.2),
       ('GSTW', 0, 'GeneratorSynchronousThreeWindings', 'generator_Tppq0', 'GSTW', 0.04),
       ('GSTW', 0, 'GeneratorSynchronousThreeWindings', 'generator_UNom', 'GSTW', 15.),
       ('GSTW', 0, 'GeneratorSynchronousThreeWindings', 'generator_PNomTurb', 'GSTW', 74.4),
       ('GSTW', 0, 'GeneratorSynchronousThreeWindings', 'generator_PNomAlt', 'GSTW', 74.4),
       ('GSTW', 0, 'GeneratorSynchronousThreeWindings', 'generator_SNom', 'GSTW', 80.),
       ('GSTW', 0, 'GeneratorSynchronousThreeWindings', 'generator_SnTfo', 'GSTW', 80.),
       ('GSTW', 0, 'GeneratorSynchronousThreeWindings', 'generator_UNomHV', 'GSTW', 15.),
       ('GSTW', 0, 'GeneratorSynchronousThreeWindings', 'generator_UNomLV', 'GSTW', 15.),
       ('GSTW', 0, 'GeneratorSynchronousThreeWindings', 'generator_UBaseHV', 'GSTW', 15.),
       ('GSTW', 0, 'GeneratorSynchronousThreeWindings', 'generator_UBaseLV', 'GSTW', 15.),
       ('GSTW', 0, 'GeneratorSynchronousThreeWindings', 'generator_RTfPu', 'GSTW', 0.),
       ('GSTW', 0, 'GeneratorSynchronousThreeWindings', 'generator_XTfPu', 'GSTW', 0.),
       ('GSTW', 0, 'GeneratorSynchronousThreeWindings', 'URef_ValueIn', 'GSTW', 0.),
       ('GSTW', 0, 'GeneratorSynchronousThreeWindings', 'Pm_ValueIn', 'GSTW', 0.);

INSERT INTO model_parameters (group_name, group_type, model_name, name, set_name)
VALUES ('GSTW', 0, 'GeneratorSynchronousThreeWindings', 'generator_P0Pu', 'GSTW'),
       ('GSTW', 0, 'GeneratorSynchronousThreeWindings', 'generator_Q0Pu', 'GSTW'),
       ('GSTW', 0, 'GeneratorSynchronousThreeWindings', 'generator_U0Pu', 'GSTW'),
       ('GSTW', 0, 'GeneratorSynchronousThreeWindings', 'generator_UPhase0', 'GSTW');

INSERT INTO model_parameters (group_name, group_type, model_name, name, set_name, value_)
VALUES ('GSFW', 0, 'GeneratorSynchronousFourWindings', 'generator_ExcitationPu', 'GSFW', 1.),
       ('GSFW', 0, 'GeneratorSynchronousFourWindings', 'generator_md', 'GSFW', 0.215),
       ('GSFW', 0, 'GeneratorSynchronousFourWindings', 'generator_mq', 'GSFW', 0.215),
       ('GSFW', 0, 'GeneratorSynchronousFourWindings', 'generator_nd', 'GSFW', 6.995),
       ('GSFW', 0, 'GeneratorSynchronousFourWindings', 'generator_nq', 'GSFW', 6.995),
       ('GSFW', 0, 'GeneratorSynchronousFourWindings', 'generator_MdPuEfd', 'GSFW', 0.),
       ('GSFW', 0, 'GeneratorSynchronousFourWindings', 'generator_DPu', 'GSFW', 0.),
       ('GSFW', 0, 'GeneratorSynchronousFourWindings', 'generator_H', 'GSFW', 5.4),
       ('GSFW', 0, 'GeneratorSynchronousFourWindings', 'generator_RaPu', 'GSFW', 0.002796),
       ('GSFW', 0, 'GeneratorSynchronousFourWindings', 'generator_XlPu', 'GSFW', 0.202),
       ('GSFW', 0, 'GeneratorSynchronousFourWindings', 'generator_XdPu', 'GSFW', 2.22),
       ('GSFW', 0, 'GeneratorSynchronousFourWindings', 'generator_XpdPu', 'GSFW', 0.384),
       ('GSFW', 0, 'GeneratorSynchronousFourWindings', 'generator_XppdPu', 'GSFW', 0.264),
       ('GSFW', 0, 'GeneratorSynchronousFourWindings', 'generator_Tpd0', 'GSFW', 8.094),
       ('GSFW', 0, 'GeneratorSynchronousFourWindings', 'generator_Tppd0', 'GSFW', 0.08),
       ('GSFW', 0, 'GeneratorSynchronousFourWindings', 'generator_XqPu', 'GSFW', 2.22),
       ('GSFW', 0, 'GeneratorSynchronousFourWindings', 'generator_XpqPu', 'GSFW', 0.393),
       ('GSFW', 0, 'GeneratorSynchronousFourWindings', 'generator_XppqPu', 'GSFW', 0.262),
       ('GSFW', 0, 'GeneratorSynchronousFourWindings', 'generator_Tpq0', 'GSFW', 1.572),
       ('GSFW', 0, 'GeneratorSynchronousFourWindings', 'generator_Tppq0', 'GSFW', 0.084),
       ('GSFW', 0, 'GeneratorSynchronousFourWindings', 'generator_UNom', 'GSFW', 24.),
       ('GSFW', 0, 'GeneratorSynchronousFourWindings', 'generator_SNom', 'GSFW', 1211.),
       ('GSFW', 0, 'GeneratorSynchronousFourWindings', 'generator_PNomTurb', 'GSFW', 1090.),
       ('GSFW', 0, 'GeneratorSynchronousFourWindings', 'generator_PNomAlt', 'GSFW', 1090.),
       ('GSFW', 0, 'GeneratorSynchronousFourWindings', 'generator_SnTfo', 'GSFW', 1211.),
       ('GSFW', 0, 'GeneratorSynchronousFourWindings', 'generator_UNomHV', 'GSFW', 69.),
       ('GSFW', 0, 'GeneratorSynchronousFourWindings', 'generator_UNomLV', 'GSFW', 24.),
       ('GSFW', 0, 'GeneratorSynchronousFourWindings', 'generator_UBaseHV', 'GSFW', 69.),
       ('GSFW', 0, 'GeneratorSynchronousFourWindings', 'generator_UBaseLV', 'GSFW', 24.),
       ('GSFW', 0, 'GeneratorSynchronousFourWindings', 'generator_RTfPu', 'GSFW', 0.),
       ('GSFW', 0, 'GeneratorSynchronousFourWindings', 'generator_XTfPu', 'GSFW', 0.1),
       ('GSFW', 0, 'GeneratorSynchronousFourWindings', 'URef_ValueIn', 'GSFW', 0.),
       ('GSFW', 0, 'GeneratorSynchronousFourWindings', 'Pm_ValueIn', 'GSFW', 0.);

INSERT INTO model_parameters (group_name, group_type, model_name, name, set_name)
VALUES ('GSFW', 0, 'GeneratorSynchronousFourWindings', 'generator_P0Pu', 'GSFW'),
       ('GSFW', 0, 'GeneratorSynchronousFourWindings', 'generator_Q0Pu', 'GSFW'),
       ('GSFW', 0, 'GeneratorSynchronousFourWindings', 'generator_U0Pu', 'GSFW'),
       ('GSFW', 0, 'GeneratorSynchronousFourWindings', 'generator_UPhase0', 'GSFW');

INSERT INTO model_parameters (group_name, group_type, model_name, name, set_name, value_)
VALUES ('GSTWPR', 0, 'GeneratorSynchronousThreeWindingsProportionalRegulations', 'generator_ExcitationPu', 'GSTWPR', 1.),
       ('GSTWPR', 0, 'GeneratorSynchronousThreeWindingsProportionalRegulations', 'generator_md', 'GSTWPR', 0.16),
       ('GSTWPR', 0, 'GeneratorSynchronousThreeWindingsProportionalRegulations', 'generator_mq', 'GSTWPR', 0.16),
       ('GSTWPR', 0, 'GeneratorSynchronousThreeWindingsProportionalRegulations', 'generator_nd', 'GSTWPR', 5.7),
       ('GSTWPR', 0, 'GeneratorSynchronousThreeWindingsProportionalRegulations', 'generator_nq', 'GSTWPR', 5.7),
       ('GSTWPR', 0, 'GeneratorSynchronousThreeWindingsProportionalRegulations', 'generator_MdPuEfd', 'GSTWPR', 0.),
       ('GSTWPR', 0, 'GeneratorSynchronousThreeWindingsProportionalRegulations', 'generator_DPu', 'GSTWPR', 0.),
       ('GSTWPR', 0, 'GeneratorSynchronousThreeWindingsProportionalRegulations', 'generator_H', 'GSTWPR', 4.975),
       ('GSTWPR', 0, 'GeneratorSynchronousThreeWindingsProportionalRegulations', 'generator_RaPu', 'GSTWPR', 0.004),
       ('GSTWPR', 0, 'GeneratorSynchronousThreeWindingsProportionalRegulations', 'generator_XlPu', 'GSTWPR', 0.102),
       ('GSTWPR', 0, 'GeneratorSynchronousThreeWindingsProportionalRegulations', 'generator_XdPu', 'GSTWPR', 0.75),
       ('GSTWPR', 0, 'GeneratorSynchronousThreeWindingsProportionalRegulations', 'generator_XpdPu', 'GSTWPR', 0.225),
       ('GSTWPR', 0, 'GeneratorSynchronousThreeWindingsProportionalRegulations', 'generator_XppdPu', 'GSTWPR', 0.154),
       ('GSTWPR', 0, 'GeneratorSynchronousThreeWindingsProportionalRegulations', 'generator_Tpd0', 'GSTWPR', 3.),
       ('GSTWPR', 0, 'GeneratorSynchronousThreeWindingsProportionalRegulations', 'generator_Tppd0', 'GSTWPR', 0.04),
       ('GSTWPR', 0, 'GeneratorSynchronousThreeWindingsProportionalRegulations', 'generator_XqPu', 'GSTWPR', 0.45),
       ('GSTWPR', 0, 'GeneratorSynchronousThreeWindingsProportionalRegulations', 'generator_XppqPu', 'GSTWPR', 0.2),
       ('GSTWPR', 0, 'GeneratorSynchronousThreeWindingsProportionalRegulations', 'generator_Tppq0', 'GSTWPR', 0.04),
       ('GSTWPR', 0, 'GeneratorSynchronousThreeWindingsProportionalRegulations', 'generator_UNom', 'GSTWPR', 15.),
       ('GSTWPR', 0, 'GeneratorSynchronousThreeWindingsProportionalRegulations', 'generator_PNomTurb', 'GSTWPR', 74.4),
       ('GSTWPR', 0, 'GeneratorSynchronousThreeWindingsProportionalRegulations', 'generator_PNomAlt', 'GSTWPR', 74.4),
       ('GSTWPR', 0, 'GeneratorSynchronousThreeWindingsProportionalRegulations', 'generator_SNom', 'GSTWPR', 80.),
       ('GSTWPR', 0, 'GeneratorSynchronousThreeWindingsProportionalRegulations', 'generator_SnTfo', 'GSTWPR', 80.),
       ('GSTWPR', 0, 'GeneratorSynchronousThreeWindingsProportionalRegulations', 'generator_UNomHV', 'GSTWPR', 15.),
       ('GSTWPR', 0, 'GeneratorSynchronousThreeWindingsProportionalRegulations', 'generator_UNomLV', 'GSTWPR', 15.),
       ('GSTWPR', 0, 'GeneratorSynchronousThreeWindingsProportionalRegulations', 'generator_UBaseHV', 'GSTWPR', 15.),
       ('GSTWPR', 0, 'GeneratorSynchronousThreeWindingsProportionalRegulations', 'generator_UBaseLV', 'GSTWPR', 15.),
       ('GSTWPR', 0, 'GeneratorSynchronousThreeWindingsProportionalRegulations', 'generator_RTfPu', 'GSTWPR', 0.),
       ('GSTWPR', 0, 'GeneratorSynchronousThreeWindingsProportionalRegulations', 'generator_XTfPu', 'GSTWPR', 0.),
       ('GSTWPR', 0, 'GeneratorSynchronousThreeWindingsProportionalRegulations', 'voltageRegulator_LagEfdMax', 'GSTWPR', 0.),
       ('GSTWPR', 0, 'GeneratorSynchronousThreeWindingsProportionalRegulations', 'voltageRegulator_LagEfdMin', 'GSTWPR', 0.),
       ('GSTWPR', 0, 'GeneratorSynchronousThreeWindingsProportionalRegulations', 'voltageRegulator_EfdMinPu', 'GSTWPR', -5.),
       ('GSTWPR', 0, 'GeneratorSynchronousThreeWindingsProportionalRegulations', 'voltageRegulator_EfdMaxPu', 'GSTWPR', 5.),
       ('GSTWPR', 0, 'GeneratorSynchronousThreeWindingsProportionalRegulations', 'voltageRegulator_UsRefMinPu', 'GSTWPR', 0.8),
       ('GSTWPR', 0, 'GeneratorSynchronousThreeWindingsProportionalRegulations', 'voltageRegulator_UsRefMaxPu', 'GSTWPR', 1.2),
       ('GSTWPR', 0, 'GeneratorSynchronousThreeWindingsProportionalRegulations', 'voltageRegulator_Gain', 'GSTWPR', 20.),
       ('GSTWPR', 0, 'GeneratorSynchronousThreeWindingsProportionalRegulations', 'governor_KGover', 'GSTWPR', 5.),
       ('GSTWPR', 0, 'GeneratorSynchronousThreeWindingsProportionalRegulations', 'governor_PMin', 'GSTWPR', 0.),
       ('GSTWPR', 0, 'GeneratorSynchronousThreeWindingsProportionalRegulations', 'governor_PMax', 'GSTWPR', 74.4),
       ('GSTWPR', 0, 'GeneratorSynchronousThreeWindingsProportionalRegulations', 'governor_PNom', 'GSTWPR', 74.4),
       ('GSTWPR', 0, 'GeneratorSynchronousThreeWindingsProportionalRegulations', 'URef_ValueIn', 'GSTWPR', 0.),
       ('GSTWPR', 0, 'GeneratorSynchronousThreeWindingsProportionalRegulations', 'Pm_ValueIn', 'GSTWPR', 0.);

INSERT INTO model_parameters (group_name, group_type, model_name, name, set_name)
VALUES ('GSTWPR', 0, 'GeneratorSynchronousThreeWindingsProportionalRegulations', 'generator_P0Pu', 'GSTWPR'),
       ('GSTWPR', 0, 'GeneratorSynchronousThreeWindingsProportionalRegulations', 'generator_Q0Pu', 'GSTWPR'),
       ('GSTWPR', 0, 'GeneratorSynchronousThreeWindingsProportionalRegulations', 'generator_U0Pu', 'GSTWPR'),
       ('GSTWPR', 0, 'GeneratorSynchronousThreeWindingsProportionalRegulations', 'generator_UPhase0', 'GSTWPR');

INSERT INTO model_parameters (group_name, group_type, model_name, name, set_name, value_)
VALUES ('GSFWPR', 0, 'GeneratorSynchronousFourWindingsProportionalRegulations', 'generator_ExcitationPu', 'GSFWPR', 1.),
       ('GSFWPR', 0, 'GeneratorSynchronousFourWindingsProportionalRegulations', 'generator_md', 'GSFWPR', 0.215),
       ('GSFWPR', 0, 'GeneratorSynchronousFourWindingsProportionalRegulations', 'generator_mq', 'GSFWPR', 0.215),
       ('GSFWPR', 0, 'GeneratorSynchronousFourWindingsProportionalRegulations', 'generator_nd', 'GSFWPR', 6.995),
       ('GSFWPR', 0, 'GeneratorSynchronousFourWindingsProportionalRegulations', 'generator_nq', 'GSFWPR', 6.995),
       ('GSFWPR', 0, 'GeneratorSynchronousFourWindingsProportionalRegulations', 'generator_MdPuEfd', 'GSFWPR', 0.),
       ('GSFWPR', 0, 'GeneratorSynchronousFourWindingsProportionalRegulations', 'generator_DPu', 'GSFWPR', 0.),
       ('GSFWPR', 0, 'GeneratorSynchronousFourWindingsProportionalRegulations', 'generator_H', 'GSFWPR', 5.4),
       ('GSFWPR', 0, 'GeneratorSynchronousFourWindingsProportionalRegulations', 'generator_RaPu', 'GSFWPR', 0.002796),
       ('GSFWPR', 0, 'GeneratorSynchronousFourWindingsProportionalRegulations', 'generator_XlPu', 'GSFWPR', 0.202),
       ('GSFWPR', 0, 'GeneratorSynchronousFourWindingsProportionalRegulations', 'generator_XdPu', 'GSFWPR', 2.22),
       ('GSFWPR', 0, 'GeneratorSynchronousFourWindingsProportionalRegulations', 'generator_XpdPu', 'GSFWPR', 0.384),
       ('GSFWPR', 0, 'GeneratorSynchronousFourWindingsProportionalRegulations', 'generator_XppdPu', 'GSFWPR', 0.264),
       ('GSFWPR', 0, 'GeneratorSynchronousFourWindingsProportionalRegulations', 'generator_Tpd0', 'GSFWPR', 8.094),
       ('GSFWPR', 0, 'GeneratorSynchronousFourWindingsProportionalRegulations', 'generator_Tppd0', 'GSFWPR', 0.08),
       ('GSFWPR', 0, 'GeneratorSynchronousFourWindingsProportionalRegulations', 'generator_XqPu', 'GSFWPR', 2.22),
       ('GSFWPR', 0, 'GeneratorSynchronousFourWindingsProportionalRegulations', 'generator_XpqPu', 'GSFWPR', 0.393),
       ('GSFWPR', 0, 'GeneratorSynchronousFourWindingsProportionalRegulations', 'generator_XppqPu', 'GSFWPR', 0.262),
       ('GSFWPR', 0, 'GeneratorSynchronousFourWindingsProportionalRegulations', 'generator_Tpq0', 'GSFWPR', 1.572),
       ('GSFWPR', 0, 'GeneratorSynchronousFourWindingsProportionalRegulations', 'generator_Tppq0', 'GSFWPR', 0.084),
       ('GSFWPR', 0, 'GeneratorSynchronousFourWindingsProportionalRegulations', 'generator_UNom', 'GSFWPR', 24.),
       ('GSFWPR', 0, 'GeneratorSynchronousFourWindingsProportionalRegulations', 'generator_SNom', 'GSFWPR', 1211.),
       ('GSFWPR', 0, 'GeneratorSynchronousFourWindingsProportionalRegulations', 'generator_PNomTurb', 'GSFWPR', 1090.),
       ('GSFWPR', 0, 'GeneratorSynchronousFourWindingsProportionalRegulations', 'generator_PNomAlt', 'GSFWPR', 1090.),
       ('GSFWPR', 0, 'GeneratorSynchronousFourWindingsProportionalRegulations', 'generator_SnTfo', 'GSFWPR', 1211.),
       ('GSFWPR', 0, 'GeneratorSynchronousFourWindingsProportionalRegulations', 'generator_UNomHV', 'GSFWPR', 69.),
       ('GSFWPR', 0, 'GeneratorSynchronousFourWindingsProportionalRegulations', 'generator_UNomLV', 'GSFWPR', 24.),
       ('GSFWPR', 0, 'GeneratorSynchronousFourWindingsProportionalRegulations', 'generator_UBaseHV', 'GSFWPR', 69.),
       ('GSFWPR', 0, 'GeneratorSynchronousFourWindingsProportionalRegulations', 'generator_UBaseLV', 'GSFWPR', 24.),
       ('GSFWPR', 0, 'GeneratorSynchronousFourWindingsProportionalRegulations', 'generator_RTfPu', 'GSFWPR', 0.0),
       ('GSFWPR', 0, 'GeneratorSynchronousFourWindingsProportionalRegulations', 'generator_XTfPu', 'GSFWPR', 0.1),
       ('GSFWPR', 0, 'GeneratorSynchronousFourWindingsProportionalRegulations', 'voltageRegulator_LagEfdMax', 'GSFWPR', 0.),
       ('GSFWPR', 0, 'GeneratorSynchronousFourWindingsProportionalRegulations', 'voltageRegulator_LagEfdMin', 'GSFWPR', 0.),
       ('GSFWPR', 0, 'GeneratorSynchronousFourWindingsProportionalRegulations', 'voltageRegulator_EfdMinPu', 'GSFWPR', -5.),
       ('GSFWPR', 0, 'GeneratorSynchronousFourWindingsProportionalRegulations', 'voltageRegulator_EfdMaxPu', 'GSFWPR', 5.),
       ('GSFWPR', 0, 'GeneratorSynchronousFourWindingsProportionalRegulations', 'voltageRegulator_UsRefMinPu', 'GSFWPR', 0.8),
       ('GSFWPR', 0, 'GeneratorSynchronousFourWindingsProportionalRegulations', 'voltageRegulator_UsRefMaxPu', 'GSFWPR', 1.2),
       ('GSFWPR', 0, 'GeneratorSynchronousFourWindingsProportionalRegulations', 'voltageRegulator_Gain', 'GSFWPR', 20.),
       ('GSFWPR', 0, 'GeneratorSynchronousFourWindingsProportionalRegulations', 'governor_KGover', 'GSFWPR', 5.),
       ('GSFWPR', 0, 'GeneratorSynchronousFourWindingsProportionalRegulations', 'governor_PMin', 'GSFWPR', 0.),
       ('GSFWPR', 0, 'GeneratorSynchronousFourWindingsProportionalRegulations', 'governor_PMax', 'GSFWPR', 1090),
       ('GSFWPR', 0, 'GeneratorSynchronousFourWindingsProportionalRegulations', 'governor_PNom', 'GSFWPR', 1090),
       ('GSFWPR', 0, 'GeneratorSynchronousFourWindingsProportionalRegulations', 'URef_ValueIn', 'GSFWPR', 0.),
       ('GSFWPR', 0, 'GeneratorSynchronousFourWindingsProportionalRegulations', 'Pm_ValueIn', 'GSFWPR', 0.);

INSERT INTO model_parameters (group_name, group_type, model_name, name, set_name)
VALUES ('GSFWPR', 0, 'GeneratorSynchronousFourWindingsProportionalRegulations', 'generator_P0Pu', 'GSFWPR'),
       ('GSFWPR', 0, 'GeneratorSynchronousFourWindingsProportionalRegulations', 'generator_Q0Pu', 'GSFWPR'),
       ('GSFWPR', 0, 'GeneratorSynchronousFourWindingsProportionalRegulations', 'generator_U0Pu', 'GSFWPR'),
       ('GSFWPR', 0, 'GeneratorSynchronousFourWindingsProportionalRegulations', 'generator_UPhase0', 'GSFWPR');

INSERT INTO model_parameters (group_name, group_type, model_name, name, set_name, value_)
VALUES ('GPQ', 0, 'GeneratorPQ', 'generator_AlphaPuPNom', 'GPQ', 25.);

INSERT INTO model_parameters (group_name, group_type, model_name, name, set_name)
VALUES ('GPQ', 0, 'GeneratorPQ', 'generator_P0Pu', 'GPQ'),
       ('GPQ', 0, 'GeneratorPQ', 'generator_PMax', 'GPQ'),
       ('GPQ', 0, 'GeneratorPQ', 'generator_PMin', 'GPQ'),
       ('GPQ', 0, 'GeneratorPQ', 'generator_PNom', 'GPQ'),
       ('GPQ', 0, 'GeneratorPQ', 'generator_Q0Pu', 'GPQ'),
       ('GPQ', 0, 'GeneratorPQ', 'generator_U0Pu', 'GPQ'),
       ('GPQ', 0, 'GeneratorPQ', 'generator_UPhase0', 'GPQ');

INSERT INTO model_parameters (group_name, group_type, model_name, name, set_name, value_)
VALUES ('GPV', 0, 'GeneratorPV', 'generator_AlphaPuPNom', 'GPV', 20.),
       ('GPV', 0, 'GeneratorPV', 'generator_LambdaPuSNom', 'GPV', 0.01),
       ('GPV', 0, 'GeneratorPV', 'generator_QMax', 'GPV', 10.),
       ('GPV', 0, 'GeneratorPV', 'generator_QMin', 'GPV', -10.);

INSERT INTO model_parameters (group_name, group_type, model_name, name, set_name)
VALUES ('GPV', 0, 'GeneratorPV', 'generator_P0Pu', 'GPV'),
       ('GPV', 0, 'GeneratorPV', 'generator_PMax', 'GPV'),
       ('GPV', 0, 'GeneratorPV', 'generator_PMin', 'GPV'),
       ('GPV', 0, 'GeneratorPV', 'generator_PNom', 'GPV'),
       ('GPV', 0, 'GeneratorPV', 'generator_Q0Pu', 'GPV'),
       ('GPV', 0, 'GeneratorPV', 'generator_SNom', 'GPV'),
       ('GPV', 0, 'GeneratorPV', 'generator_U0Pu', 'GPV'),
       ('GPV', 0, 'GeneratorPV', 'generator_UPhase0', 'GPV');

INSERT INTO model_parameters (group_name, group_type, model_name, name, set_name, value_)
VALUES ('LAB', 0, 'LoadAlphaBeta', 'load_alpha', 'LAB', 1.),
       ('LAB', 0, 'LoadAlphaBeta', 'load_beta', 'LAB', 2.);

INSERT INTO model_parameters (group_name, group_type, model_name, name, set_name)
VALUES ('LAB', 0, 'LoadAlphaBeta', 'load_P0Pu', 'LAB'),
       ('LAB', 0, 'LoadAlphaBeta', 'load_Q0Pu', 'LAB'),
       ('LAB', 0, 'LoadAlphaBeta', 'load_U0Pu', 'LAB'),
       ('LAB', 0, 'LoadAlphaBeta', 'load_UPhase0', 'LAB');

INSERT INTO model_parameters (group_name, group_type, model_name, name, set_name)
VALUES ('LPQ', 0, 'LoadPQ', 'load_P0Pu', 'LPQ'),
       ('LPQ', 0, 'LoadPQ', 'load_Q0Pu', 'LPQ'),
       ('LPQ', 0, 'LoadPQ', 'load_U0Pu', 'LPQ'),
       ('LPQ', 0, 'LoadPQ', 'load_UPhase0', 'LPQ');

INSERT INTO model_parameters (group_name, group_type, model_name, name, set_name, value_)
VALUES ('CLA', 0, 'CurrentLimitAutomaton', 'currentLimitAutomaton_OrderToEmit', 'CLA', 1),
       ('CLA', 0, 'CurrentLimitAutomaton', 'currentLimitAutomaton_Running', 'CLA', true),
       ('CLA', 0, 'CurrentLimitAutomaton', 'currentLimitAutomaton_IMax', 'CLA', 1000.),
       ('CLA', 0, 'CurrentLimitAutomaton', 'currentLimitAutomaton_tLagBeforeActing', 'CLA', 10.);